Donor_Name,Donation_Amount,Distribution_Date,Recipient_Name
David Luna,492,2023-04-22,Ruben Graham
Brenda Walker,695,2022-09-24,Sarah Kelley
Bradley Robinson,149,2022-04-22,Cynthia Palmer
Kirk Woods Jr.,402,2021-10-19,Michele Stewart
Lori Gilbert,241,2022-11-27,Eric Hale
Randall Wilcox,456,2023-07-06,Dennis James
Jason Boyd,179,2023-03-08,Shannon Moses
Ashley Marsh,197,2022-03-28,Karen Gates
Kristen Webb,439,2022-06-30,Cassandra Russell
Jacob Grant,709,2023-08-03,Natalie Manning
Cheryl Shepherd,141,2023-04-18,Marcus Kerr
Christopher Crawford,120,2022-10-29,Dana Gomez
Paul Chandler,481,2022-05-13,Jason Harris
Holly Peterson,856,2023-02-05,Mrs. Brenda Mullins
Timothy Moore,502,2022-11-19,Charles Ingram
Sandra Potts,303,2022-01-02,Jeffery Nguyen
Linda Edwards,405,2023-04-14,Bruce Brown
Melissa Lewis,279,2022-06-24,Melissa Patrick
Kimberly Murphy,686,2022-01-02,Chelsea Cherry
William Thomas,414,2023-03-05,Thomas Mcknight
Cheryl Anderson,399,2021-09-19,Stacy Mcdonald
Shirley Hopkins,228,2023-05-12,Latoya Ross
April Benson,419,2023-02-05,Katie Carter
Joseph Bonilla,363,2022-08-02,Erika Wade
Nancy Watson,431,2023-06-26,Tiffany Figueroa
Brendan Miller,546,2022-09-09,Cynthia Palmer
Logan Brady,269,2022-04-14,Anita Briggs
Joseph Allison,135,2023-01-02,Stanley Price
Nicholas Torres,552,2021-12-29,Erik Williams
Tracey Stevenson,578,2022-04-02,Cynthia Summers
Diamond Skinner,398,2023-02-17,James Arnold
Steven Kline,452,2022-05-26,Mark Thompson
Stephanie Stone,189,2022-03-01,Jesse Pearson
Elizabeth Alvarez,493,2022-03-31,Travis Acosta
Richard Olson,309,2021-10-12,Gregory Holt
Andrew Price,745,2022-09-28,Benjamin Spencer
Brittney Brown,287,2023-08-10,Amber Robinson
Aaron Ramos,552,2022-02-01,Mary Adkins
Mary Jackson,809,2021-11-30,Miranda Wheeler
Kelly Tapia,468,2023-06-17,Richard Vance
Laura Black,940,2021-11-15,Brittany Sweeney
Omar Holmes,708,2022-11-26,Tammy Shannon
Lisa Herrera,336,2022-11-05,Elizabeth Grimes
Michael Hardy,41,2023-01-30,Mr. William Smith
Mrs. Stacey Brown MD,844,2022-07-20,Gregory Holt
Patrick Martin,761,2023-01-30,Megan Pineda
Scott Ponce,358,2022-11-08,Penny Taylor
Emma Smith,450,2022-01-05,Luis Valdez
Carly Reed,330,2022-03-30,Kelsey Gill
Michael Rios,597,2023-01-24,Donald Nguyen
Justin Turner,955,2023-02-21,Juan Johnson
Megan Reynolds,265,2021-10-18,Chelsea Cherry
James Schmidt,998,2023-02-28,Mike Fischer
Cody Dyer,400,2021-12-29,Sandra Martinez
Holly Martin,320,2022-04-29,Latoya Ross
Tanya Michael,676,2023-03-02,Valerie Lin
Bradley Hood,696,2021-11-05,Sara Johnson
Daniel Moody,503,2023-05-29,Mallory Crawford
Michael Moore,731,2021-09-11,Mr. Greg Martinez
Raymond Hart,554,2023-06-03,Susan Henry
Tara Ho,129,2023-07-29,Michael Dawson
Phillip Hunt,782,2021-11-18,Lucas Johnson
Stephanie Lee,460,2022-03-29,Richard Vargas
Jonathan Warner,302,2022-09-28,Alex Myers
Katherine Nichols,649,2022-07-12,Derrick Young
Justin Olson,214,2023-02-12,Jennifer Neal
Jonathan Duncan III,472,2023-03-14,Dominique Sanchez
Barbara Parker,661,2023-08-25,Jodi Flynn
Whitney Owens,561,2022-12-20,Sharon Schwartz
Mrs. Sandra Matthews,653,2022-12-04,Crystal Hamilton
Jason Ortiz,34,2023-02-11,Autumn Williams
Billy Craig,797,2022-01-17,Rachel Morgan
Mark Klein,158,2023-04-06,Heather Sullivan
Andrew Robertson,929,2023-01-06,Nicole Lee
James Mccormick,382,2022-02-13,Janet Brown
Michael Wilcox,327,2023-02-18,Hannah Graves
Mary Morris,972,2022-11-15,Steven Thompson
Traci Bruce,877,2022-04-27,Jeffery Nguyen
Joel Patton,665,2022-07-16,Elizabeth Brown
Jeffrey Allen,856,2022-04-20,Laura Carter
Katherine Reed,837,2022-02-03,Marcus Guzman
Stacy Frye,399,2023-04-25,Cody Moss
Victor Ball,733,2021-10-17,Lisa Carrillo
Adam Thomas,13,2021-10-26,Crystal Alvarado
Melissa Cowan,422,2021-12-19,James Meadows
David Anderson,289,2023-02-05,Arthur Young
Marie Martin,540,2023-04-14,Elizabeth Glover
Elizabeth Garcia,634,2023-07-27,Thomas Edwards
Richard Abbott,265,2022-07-29,Katherine Vargas
Jeffrey House,980,2023-01-29,Kyle Davis
Jimmy Dickerson,497,2023-03-28,Lindsay Phelps
James Greene,176,2021-12-15,Heather Barr
Scott Adams,390,2023-04-23,Kathryn Thomas
Dr. Dustin Meyers,467,2022-06-29,Patrick Hale
Raymond Lopez,606,2022-08-26,Joann Frazier
Joseph Garcia,507,2023-01-18,Stephen Dean
Jeremy Jones,104,2021-12-18,Rebekah Rowland
Christopher Patton,638,2023-03-20,Laura Carter
Jonathan Brown,195,2021-10-09,Anna Scott
Kelly Hernandez,423,2022-07-25,Angela Navarro
Anna Fowler,630,2022-11-12,Austin Palmer
Kelly Wright,721,2021-10-11,Ashley Guzman
Sarah Deleon,468,2021-10-14,Kathryn Thomas
Catherine King,890,2023-05-28,Chad Johnson
Lori Brown,97,2022-10-27,Brandon Williams
Luke Lowe,415,2023-04-08,Lucas Johnson
Steven Hanna,267,2022-03-24,Christine Lewis
Carl Escobar,20,2022-04-13,Jeffrey Clark
Carol Burke,788,2022-10-09,Glenn Williamson
Jo George,653,2023-03-17,Kristen Lowe
Jenna Abbott,908,2021-10-17,William Schroeder
Emily Hickman,192,2022-04-27,Derrick Young
Katherine Anderson,992,2022-07-20,Juan Prince
Paige Coleman,142,2023-02-09,Michele Sanders
Matthew Rangel,517,2022-07-28,Barbara Gould
Ashley Morales,92,2023-07-20,Lauren Hampton MD
Rhonda Hubbard,929,2022-04-16,Natalie Schneider
Melissa Thomas,919,2023-06-22,Michelle Miller
Paige Myers,903,2022-02-22,Christy Romero
Michael Ingram,167,2022-07-20,Joseph Johnson
Kelli Mccoy MD,869,2023-02-13,Anne Smith
James Knight,351,2023-05-19,Mr. Tyler Martinez
Brooke Smith,501,2022-02-22,Teresa Jacobs
Carl Mullen,974,2022-09-16,Carlos Nguyen
Mr. Ryan Moreno,644,2022-02-04,Sarah Brown
Diane Padilla MD,236,2022-10-16,Ronald Williams
Daniel Ryan,554,2022-06-06,Maria Meyer
Jerry Lopez,891,2023-04-11,Alexander Smith
Sharon Mullins,903,2022-05-03,Jessica Moore
Jared Rodriguez,812,2022-10-03,Kenneth Gallegos
Philip Nelson,974,2022-01-04,Shawn Smith
James Hester,232,2022-03-15,Ricardo Rivera
Justin Miller,627,2022-06-11,Natasha Silva
Katie Johnson,750,2022-07-18,Tyler Evans
Erin Moran,164,2023-04-20,Jonathan Oconnell
Joshua Allen,134,2023-04-01,Jennifer Howe
Cynthia Thomas,387,2022-10-27,Robyn Myers
Lisa Jackson,746,2022-04-08,Mrs. Stephanie Hensley
Michelle Graves,56,2023-02-19,Michele Sanders
Joseph Dixon,608,2023-08-04,Adrian Smith
Justin Oneill,687,2022-03-14,Dr. Patricia Cunningham
Jennifer Gutierrez,774,2021-09-13,Kristen Rogers
Kathy Morgan,836,2023-07-21,Scott Davis
Christina Walton,433,2022-12-02,George Green
James Wall,915,2023-06-08,Mark Humphrey
Daniel Benson,938,2022-03-09,Amber Gamble
Lisa Aguirre,741,2021-11-30,Eric Roman
Suzanne Sandoval,738,2023-03-09,Casey Davis
Alexander Williamson,950,2021-10-10,Sarah Crawford
Jonathan Garcia,709,2022-08-16,Meredith David
Jennifer Summers,617,2023-05-26,Kimberly Stewart
Jennifer Andrews,730,2021-11-09,Andrew Alvarado
Meredith Nicholson,325,2022-07-11,Cynthia Evans
Jacob Griffin,96,2022-07-29,Glenda Cooper
John Howard,59,2021-11-05,Connie Dickerson
Hannah Ayala,752,2022-08-23,Crystal Martin
Bobby Henderson MD,969,2022-04-30,Eric Hale
Robert Webb,26,2022-05-11,Tracy Evans
Jonathan Sanchez,865,2021-09-09,Katherine Conway
Jack Patel,647,2023-07-09,Katie Hull
James Aguilar,964,2022-12-21,Deborah Lee
Dr. Brittany Holland DVM,805,2022-08-28,Carlos Nguyen
Kevin Ferguson,28,2022-07-04,Jennifer Lyons
Shannon Warner,518,2022-02-04,Megan Roberson
Debra Fleming,50,2022-06-18,James Meadows
Melissa Logan,406,2023-08-25,Melanie Mcneil
Edward Stephenson,526,2022-12-28,Jason Maynard
Kayla Boyd,943,2022-02-07,Austin Moran
Stephanie Morales,319,2023-04-21,Carol Wood
Jaime York,761,2022-02-07,Latoya Ross
Mitchell Reynolds,156,2022-01-13,Jason Jones MD
David Gibson,510,2023-04-01,Laura Foster
Danielle Caldwell,224,2022-06-03,Michelle Ellis
Wesley Brown,803,2023-07-26,Thomas Rodriguez
Julie Burns,832,2023-08-14,Samantha Palmer
Nathan Floyd,336,2022-06-11,James Scott
George Cole,759,2022-02-20,Steven Cooper
Anthony Gillespie,437,2023-07-27,Daniel Carrillo
April Richardson,310,2021-11-24,Mark Thompson
Sara Williams,715,2023-08-01,Alex Myers
Jonathan Rios,73,2022-01-04,Shannon Moses
Jeffrey Cooper,840,2023-05-08,Steven Keller
Travis Steele,524,2021-12-05,Robert Barnes
Cassandra Jackson,884,2022-12-05,Joseph Rose
Renee Rodriguez,551,2023-08-27,Tristan Perkins
Kimberly Thompson,476,2022-05-03,Alyssa Ross
Mark Hamilton,399,2023-02-25,Vanessa Johnson
Jocelyn Nicholson,610,2022-08-21,Laurie Obrien
Jennifer Campos,936,2022-07-29,Samuel Cowan
Beth Carr,105,2022-03-24,Benjamin Robinson
Julie Mora,290,2023-06-26,Adrian Stewart
Karen Carter,159,2022-10-09,Dr. Carl Chandler
Maria Doyle,802,2022-02-14,Erica Nelson
Lawrence Larson,617,2022-03-10,Michael Barrett
Alexandra Harris,742,2022-05-24,Lisa Camacho
Mr. Corey Brooks,907,2022-07-01,Matthew Morrow
Kevin Watson,481,2021-12-15,Sarah Brown
Daniel Smith,741,2022-06-26,Steven Mitchell
Thomas Sharp,275,2023-06-14,Alex Ford
Patty Walker,714,2021-10-27,Karen Hicks
David Gutierrez,367,2022-07-27,Emily Williamson
Janet Oliver,103,2022-06-01,Teresa Jacobs
Bridget Brewer,700,2021-12-11,Mr. William Smith
Amanda Johnson,815,2023-01-09,Amanda Jackson
Glenn Hamilton MD,367,2023-06-23,Rachel Morgan
Patrick Lopez,575,2023-01-10,Jill Johnson
Luis Robinson,143,2021-09-15,Wanda Lowe
Timothy Heath,177,2023-03-16,Barbara Gould
Charles Sanchez,506,2023-03-24,David Woods
Johnny White,315,2023-03-03,Karen Gates
Laura Baker,163,2023-01-18,Michelle Roberts
Tristan Manning,558,2022-06-11,Kathleen Bell
William Mcintosh,508,2022-09-03,Sharon Schwartz
Joyce Herman,560,2022-01-19,Daniel Reyes
Matthew Hughes,461,2022-04-06,Francisco Navarro
Jennifer Wilson,707,2022-10-10,David Bowen
Daniel Reynolds,479,2022-02-02,Donald Nguyen
George Collins,847,2023-06-08,Scott Hernandez
Gary Maddox,599,2023-01-10,Adrian Stewart
Ricky Patterson,267,2023-05-11,Anna Allen
Dominic Sanders,218,2022-12-07,Melissa Castro
Vanessa Nelson,290,2023-01-04,Megan White
Patricia Jones,35,2023-01-07,Mary Meyer
Veronica Thompson,320,2023-05-23,Kimberly Myers
Alyssa Brooks,951,2022-09-05,Rachel Morgan
Linda Quinn,232,2022-10-02,Jessica Anthony
Lauren Anderson,144,2022-12-20,Eddie Acosta
Patrick Savage,544,2022-12-08,Cynthia Chan
Megan Nguyen,109,2022-06-13,Kevin Kelly
Timothy Reed,664,2023-02-12,Patty Roberts
Stephanie Berger,75,2022-01-19,Dana Gonzales
Mary Sutton,17,2021-10-31,Glenn Schmidt
Anthony Carrillo,849,2021-12-28,Jesse Bird
Alejandro Crawford,28,2021-11-02,Timothy Taylor
Sarah Gallagher,599,2021-09-21,Katherine Hood
Danielle Phillips,143,2022-12-25,John Mccarty
Lisa Jones,352,2023-04-03,Angelica Charles
Ashley Myers,165,2022-01-01,Jonathan Whitaker
Mark Sullivan,674,2022-09-07,Craig Combs
Heather Bass,722,2023-08-09,Jacob Francis
Richard Smith,64,2023-02-09,Kyle Espinoza
Dr. Jason Johnson III,480,2023-02-19,Elizabeth Jones
Cristian Martin,201,2023-06-07,Andrea Richmond
Daniel Tyler,707,2022-11-28,Jennifer Luna
Elijah Dunn,371,2023-04-02,Debra Potter
Seth Wilson,494,2021-11-15,Carl Bruce
Bradley Cameron,883,2022-05-01,Blake Wood
Richard Chandler,625,2023-07-30,David Giles
Lisa Hill,970,2022-11-30,Ashley Shaw
Valerie Myers,193,2023-04-05,Stephen Mendoza
Tonya Lewis,615,2022-01-11,Ashley Wright
Susan Mcgee,835,2023-03-11,William Cervantes
Dana Bernard,803,2022-01-14,Robert Castro
Joe Lee,726,2022-09-06,Stacie Santiago
Susan Martinez,477,2022-09-29,Joseph Williams
James Ryan,312,2023-05-27,Manuel Deleon
Joseph Howell,64,2023-02-23,Heather Cobb
Elizabeth Gomez,765,2022-01-09,Marie Taylor
Catherine Snyder,122,2022-10-30,Mary Hughes
Jamie Levy,57,2022-03-16,Dr. Patricia Cunningham
Rebecca Douglas,782,2022-05-11,Thomas Edwards
Timothy Peterson,286,2021-12-09,Lauren Jones
Scott Hickman,339,2022-06-20,Krystal Wilson
Katelyn Crawford,616,2023-04-24,Patricia Burke
Misty Cisneros,686,2021-10-13,Anita Gordon
Larry Schmidt,720,2022-04-17,Jennifer Howe
Jasmine Richardson,488,2022-07-28,Calvin Mason
Greg Wright,703,2023-02-24,Karen Hicks
Mrs. Chelsea Murillo,414,2023-07-28,Marissa Herrera
Larry Garza,778,2022-11-11,Jessica Moore
Danielle Jones,967,2023-05-29,Anthony Brown II
Samantha Wright,27,2022-08-11,Sarah Crawford
Juan Bennett,1000,2022-10-11,Cassandra Russell
Dr. Keith Steele DDS,999,2021-11-10,Sarah Sherman
Regina Roman,158,2022-03-18,Kathryn Thomas
Phillip Haney,460,2023-06-25,Andrew Price
Jeffrey Lindsey,81,2022-04-22,Richard Vargas
Karen Thomas,85,2022-03-22,Luke Rangel
Michael Anderson,548,2023-09-01,Gregory Mendoza
Courtney Jacobs,641,2023-02-05,Thomas Rodriguez
Daniel Frazier,25,2023-04-16,Amy Howell
Vanessa Sims,986,2023-04-22,Amber Hayes
Andrew Johnson,586,2022-06-04,Connie Jones
Donna Ward,769,2022-07-02,Michelle Roberts
Victor White,31,2021-12-17,Christopher Gonzalez
Diana Hall,660,2022-06-21,Kimberly Smith
Paula Whitaker,173,2023-08-08,Kirk Long
Christopher Davis,868,2022-11-13,Travis Acosta
Darrell Thomas,775,2023-05-25,Jeffrey Sullivan
Jay French,316,2023-07-22,Angela Miller
Christina Grant,123,2022-10-21,Adrian Smith
Kristin Peters,191,2022-12-08,Angela Hampton
Sarah Ramirez,356,2023-05-22,Jeffrey Sullivan
Daniel May,757,2023-06-16,Gregory Morrow
Heather Herrera,508,2023-06-28,Kirk Blake
Joy Rodriguez,814,2022-10-05,Susan Henry
Jason Johnson,51,2022-05-07,Christopher Thomas
Jeremiah Neal,621,2021-12-27,Kimberly Stewart
Dr. Bruce Dunlap,803,2022-05-29,Randy Young
Howard Merritt,960,2022-08-14,Barbara Adams
Jeffrey Roth,146,2023-08-14,Glenda Cooper
Angelica Pearson,942,2022-05-23,Rebecca Olson
Justin Sloan,846,2021-11-22,Lindsey Mason
Tyler Keller,223,2021-12-08,John Gray
Rachel Wilson,729,2023-05-16,Jonathan Fernandez
James Murray,567,2021-12-14,Ronald Gamble
Aaron Martinez,877,2023-04-04,Elizabeth Grimes
Lauren Santos,422,2022-01-15,Haley Donovan
Scott Davis,919,2023-02-12,Paige Dixon
Jessica Wood,322,2023-04-11,Juan Johnson
Charlene Vasquez,122,2022-05-27,Amanda Johnson
Brianna Hawkins,18,2023-07-25,Jeremy Dean
David Rodriguez,901,2023-08-17,Adam Ellis
Michael Bryan,702,2022-09-03,Anna Roberts
Philip Huynh,302,2022-07-30,Bradley Nelson
Linda Ellis,397,2023-04-20,John Day
Brittany Douglas,57,2022-12-10,Carol Wood
Mark Reyes,360,2022-04-02,Heather Hernandez
Mariah Caldwell,845,2023-07-17,Cheryl Hill
Mary Hayes,940,2023-04-19,Michael Holland
Amber Williams,199,2022-08-11,Anita Gordon
Megan Wheeler,621,2023-01-01,Latoya Ross
Ashley Yoder,253,2022-12-05,Nicole Vasquez
Mr. Matthew Rubio MD,927,2023-07-04,Angela Cardenas
Nathan Collins,926,2022-11-02,Elizabeth Glover
Laura White,507,2021-10-05,Carlos Nguyen
Franklin Martin,747,2022-11-20,John Espinoza
Amanda Ruiz,763,2023-08-20,Chad Johnson
Anthony Barry,174,2021-09-11,Robyn Myers
Justin Brown,274,2023-02-16,Joel Armstrong
Jill Farmer,158,2021-12-28,Jennifer Ramos
Dean Morris,210,2022-06-08,Kathryn Walker
Ethan Deleon MD,288,2022-10-23,Tim Edwards
Amanda Salazar,936,2021-10-01,Samantha Spencer
Jimmy Adams,181,2023-04-25,Anita Gordon
Keith Carter,311,2022-04-22,Lee Mendoza
Bruce Carr,742,2022-06-20,Alvin Johnson
Erica Smith,602,2022-04-16,Kristin Schwartz
Shawn Williamson,248,2022-07-07,Chad Johnson
Stephen Tran,848,2022-06-29,Louis Skinner
Cynthia Curtis,11,2022-11-15,Jennifer Howe
Krystal Branch,775,2021-10-11,Joann Frazier
Steven Clarke,805,2023-04-14,Amy Ramirez
Gregory Nelson,66,2023-07-26,Ian Brandt
Joseph Taylor,23,2022-11-10,Heather Sullivan
Brian Hines,508,2021-10-14,Jesse Pearson
Rachel Brady,273,2022-12-02,Antonio Bailey
Leah Simon,641,2022-11-27,John Wiggins
Matthew Hunter,785,2023-06-18,Christine Lewis
Jeremy Howard,47,2022-04-22,Adam Brown
Mrs. Elizabeth Taylor,726,2021-09-22,Angel Burton
Susan Alexander,673,2022-06-10,Brittany Clark
Amber Rogers,167,2021-12-04,Daniel Carrillo
Ana Jennings,764,2022-06-14,Tim Hardy
Robert Lee,628,2022-05-28,James Rogers
Rebecca Luna,702,2023-09-04,Maria Holloway
Michelle Elliott,881,2022-12-19,Heather Horton
Rebecca Williams,11,2022-08-13,Douglas Bonilla
Mario Obrien,215,2022-03-11,Amy Werner
William Watson,920,2021-11-03,John Day
Melinda Hendrix,97,2022-12-12,Matthew Robinson
Megan Stone,197,2023-07-22,Karen Stevens
Samuel Mills,10,2022-02-21,Eugene Maddox
Monique Roberts,816,2021-10-16,Carlos Thompson
Matthew Moreno,737,2021-10-16,Erica Parsons
Cheryl Hanna,810,2022-02-12,Autumn Clark
Samuel Walker,507,2023-05-20,Natalie Schneider
Lisa Williams,170,2022-10-27,Paula Wong
Laura Conner,522,2022-11-08,Erin Griffin
James Pacheco,433,2023-08-04,Gina Green
Jonathan Rogers,130,2023-05-08,Nathan Sloan
Pamela Townsend,904,2023-08-04,Shannon Moses
Brianna Padilla,987,2022-03-22,Glenda Cooper
Kyle Macias,151,2023-06-29,Katherine Hood
Maria Porter,723,2021-12-22,David Bowen
Melissa Haley,133,2023-01-16,Christopher Walker
Brian Christian,405,2021-10-21,Robert Kennedy
Elizabeth Price,363,2023-02-02,Samantha Bullock
Manuel Benton,249,2022-09-26,Paul Walsh
Matthew Davis,97,2022-01-23,Jose Roberts
Adam Miller,446,2022-10-13,Eric Hernandez
Logan Fitzpatrick,713,2021-12-05,Theodore Gardner
Amanda Johnson,372,2023-05-15,Justin Gonzalez
Mrs. Lauren Rodriguez,327,2021-10-06,Connie Dickerson
Adam Wright,288,2022-04-16,Cynthia Osborne
Timothy Simpson,526,2022-03-31,Ricardo Evans
Carolyn Rangel,663,2021-11-04,Erica Parsons
Dr. David Webster,741,2022-02-08,Stephanie Black
Kristi Green,16,2022-11-11,Amy Ramirez
Michelle Hall,311,2021-12-24,Angelica Charles
Charles Nguyen,481,2023-03-12,Joseph Dunn
Scott Lewis,572,2023-07-28,Aaron Colon
Natasha Zamora,96,2022-04-12,Devon Hamilton
Andrea Werner,346,2023-09-04,Michael Sanchez
Crystal Sanchez,62,2023-06-22,Jeffrey Clark
Kimberly Cook,756,2022-10-05,Rachel Morgan
Ricky Mcbride,794,2022-10-20,Paige Dixon
Lauren Lewis,161,2022-05-27,Tara Hodge
Elizabeth Olson,162,2023-05-12,Justin Collins
Tony Bowman,828,2021-09-23,Autumn Clark
Kevin Torres,77,2022-02-16,Amy Clarke
Thomas Livingston,68,2023-02-21,Donald Jackson
Megan Gregory,91,2022-03-02,Wanda Lowe
Shelia Mitchell,286,2023-04-14,Patrick Hale
Jennifer Cervantes,759,2023-03-18,Ricardo Rivera
Sandra Wells,368,2021-10-23,Robert Garcia
Kevin Smith,392,2022-02-07,Juan White
Dana Roman,468,2023-02-06,Kevin Sosa IV
Joyce Brown,939,2023-07-29,Dana Jackson
Kathy Barnett,266,2022-01-15,Adam Brown
Leon Ellis,541,2022-01-31,Jason Schneider
Joshua Clark,189,2022-08-21,Samantha Patton
James Hayes,456,2022-11-14,Samantha Spears
Michael Wright,540,2021-12-19,Ryan Reed
Michael Roach,921,2022-06-30,Joseph Rivera
Juan Ward,736,2022-02-22,Marcus Kerr
Jill Moody,663,2023-01-15,Melissa Christensen
Angela Marquez,341,2022-04-28,Curtis Evans
Mary Nichols,52,2022-06-04,Jacob Francis
Michael George,966,2022-12-25,Craig Black
Benjamin Brown,829,2022-12-30,William Wilson
Sara Thompson,189,2022-11-26,Austin Steele
Donna Galvan,208,2023-06-30,Erica Parsons
Mark Nielsen,403,2022-02-09,Michael Lewis
Andrea Wong,849,2022-09-08,Michele Sanders
Nicole Martin,931,2022-05-19,Kelly Smith
Brandy Peters,318,2023-01-13,Patrick Wagner
Gabriel Pierce,315,2021-09-18,James Day
Kristen Ruiz,809,2022-09-23,Jonathan Fernandez
Leah Smith,639,2022-02-26,Andrew Price
Erika Glover,112,2022-09-03,Patrick Rivera
Brent Jackson,48,2022-02-13,Ian Arias
William Sanders,646,2022-08-28,Jeffrey Clark
Travis Reed,465,2022-08-28,Christopher Mercer
Mary Hood,803,2021-11-26,Martha Brooks
Heather Miller,560,2023-01-31,Randy Young
Devon Kirby,548,2022-05-06,Dr. Carl Chandler
Sharon Moore,731,2021-11-10,Brittany Sweeney
Michael Flores,481,2022-04-17,Laurie Robinson
Kevin Griffin,593,2021-12-28,Cynthia Parks
Manuel Graves,975,2021-10-25,Darren Oliver
Donald Davidson,910,2023-06-10,Thomas White
William White,356,2021-12-30,William Schroeder
Alyssa Jarvis,190,2023-03-15,Tyler Willis
Joe Beck Jr.,608,2023-02-03,Shawna Wright
Mr. Anthony Pacheco,180,2022-02-20,Zachary Hernandez
Patrick Hicks,490,2022-05-23,Christopher Gonzalez
Christopher Cardenas,659,2023-08-17,Lauren Aguilar
Angela Hanson,739,2022-03-07,Kelly Phillips
Sara Torres,262,2023-04-08,Angela Hernandez
Jordan Miller,650,2022-05-10,Mark Morgan
William Matthews,688,2023-07-13,Zachary Fowler
Daniel Patterson,231,2023-01-25,Steven Cooper
Anne Jones,407,2022-03-29,Sheila Heath
Alexander Miller,395,2022-03-20,Anthony Walter
Joseph Murphy,296,2022-12-16,Jonathan Martin
Ethan Perez,872,2023-01-18,Samantha Spears
April Hernandez,229,2022-12-15,Robert Mendoza
Todd Gibson,362,2022-05-16,Eric Hernandez
Nicole Smith,587,2022-02-16,Anna Scott
Heather Herrera,164,2022-04-21,William Schroeder
James Frederick,361,2022-04-19,Joshua Jennings
Lisa Collins,644,2023-03-16,Mr. Tyler Martinez
Becky Hughes,531,2022-02-17,Tracie Mejia
Gregory Martinez,217,2023-01-14,Harry Rodriguez
Maria Bell,314,2022-04-09,Jared Rodriguez
Cassandra Rubio,485,2022-09-05,Antonio Jones
Charles Lucas,751,2023-04-26,Jonathan Velasquez
Jerry Wiley,256,2023-06-13,Destiny Curtis
Erica Erickson,484,2022-08-07,Mark Oliver
Andrew Mendez,133,2022-07-29,Kenneth Gallegos
Jeffrey Moses,697,2023-07-10,Crystal White
Michael Shaw,734,2022-06-24,Angela Hampton
Rita Tate,528,2021-11-08,David Fernandez
John Meyers,441,2023-07-05,Jeffrey Clark
Brandon Thompson,713,2022-12-16,Monica Davis
Ian Casey,473,2022-04-06,Carol Miller
William Nelson,266,2022-01-13,Connie Jones
Julia Wilson,161,2022-02-08,Shawn Ortiz
Adrian Norris,376,2022-01-01,Suzanne Gomez
Heather Hudson,442,2023-05-22,Joseph Jackson
Joel Fletcher,169,2022-07-23,Gregory Perez
Michael Mills,818,2023-06-16,Robert Castro
Thomas Hall,982,2022-07-06,Anna Allen
Jaclyn Allen,237,2022-09-07,Denise Wilcox
Lawrence Pearson,615,2022-06-02,Anthony Acevedo III
Micheal Bonilla,56,2022-01-19,Brenda Woodward
Ralph Powell,630,2023-01-06,William Williamson
Derek Flores,704,2022-02-05,Rebecca Mendez
Tyler Harris,277,2021-11-15,Erica Parsons
Jane Diaz,705,2022-09-28,George Green
Brenda James,353,2021-09-14,Sarah Brown
Kelly Gonzalez,637,2022-03-28,Brandi Dawson
Charles Reese,803,2021-10-14,Robert Nichols
Nicole Brewer,320,2023-08-18,Mr. William Smith
Andrew Huff,552,2021-09-25,Rebecca May
Tonya Chambers,894,2023-08-25,Timothy Martinez
Charles Chen,157,2022-10-16,Dana Jackson
Ryan Cook,10,2023-08-16,Nathan Atkinson
Katherine Hernandez,140,2022-06-08,Kelly Smith
